time,prey,predator,prey_noisy,predator_noisy
0.000000,40.000000,9.000000,40.053265,8.991763
0.100100,29.175442,12.235060,28.993652,12.133727
0.200200,18.854853,14.925201,18.986032,14.867610
0.300300,11.154713,16.621325,11.319124,16.709405
0.400400,6.286705,17.389081,5.945663,17.389496
0.500501,3.483506,17.520130,3.255884,17.567401
0.600601,1.935814,17.281890,1.958161,17.374996
0.700701,1.090762,16.849885,1.035483,16.797801
0.800801,0.626650,16.324570,0.623714,16.429649
0.900901,0.368003,15.760174,0.218890,15.812813
1.001001,0.221112,15.185286,0.374831,15.013711
1.101101,0.135939,14.614822,0.271898,14.815227
1.201201,0.085487,14.056472,0.100000,13.986895
1.301301,0.054958,13.514097,0.252001,13.284125
1.401401,0.036094,12.989504,0.117815,12.844298
1.501502,0.024200,12.483390,0.100000,12.341518
1.601602,0.016551,11.995842,0.100000,12.003092
1.701702,0.011539,11.526618,0.100000,11.488567
1.801802,0.008194,11.075291,0.161747,11.028488
1.901902,0.005923,10.641340,0.100000,10.727447
2.002002,0.004354,10.224199,0.100000,10.271424
2.102102,0.003254,9.823280,0.100000,9.867194
2.202202,0.002471,9.437994,0.216172,9.494939
2.302302,0.001905,9.067759,0.100000,9.153370
2.402402,0.001490,8.712006,0.100000,8.419110
2.502503,0.001181,8.370179,0.100000,8.319541
2.602603,0.000950,8.041743,0.100000,7.738808
2.702703,0.000773,7.726179,0.100000,7.731189
2.802803,0.000637,7.422986,0.100000,7.422342
2.902903,0.000532,7.131683,0.100000,7.276957
3.003003,0.000449,6.851804,0.374810,7.016824
3.103103,0.000383,6.582905,0.100000,6.611080
3.203203,0.000330,6.324555,0.100000,6.255031
3.303303,0.000287,6.076341,0.100000,6.143753
3.403403,0.000253,5.837866,0.107926,5.764513
3.503504,0.000224,5.608749,0.197569,5.608556
3.603604,0.000201,5.388623,0.100000,5.525644
3.703704,0.000182,5.177134,0.100000,5.099633
3.803804,0.000166,4.973945,0.100000,5.085893
3.903904,0.000152,4.778730,0.113876,4.872854
4.004004,0.000141,4.591177,0.130062,4.458510
4.104104,0.000131,4.410983,0.100000,4.546304
4.204204,0.000123,4.237862,0.100000,4.334926
4.304304,0.000116,4.071535,0.100000,4.085697
4.404404,0.000111,3.911736,0.100000,3.805812
4.504505,0.000106,3.758208,0.100000,3.638823
4.604605,0.000102,3.610706,0.152428,3.535998
4.704705,0.000099,3.468992,0.100000,3.544385
4.804805,0.000096,3.332841,0.118771,3.200059
4.904905,0.000094,3.202033,0.100000,3.262825
5.005005,0.000093,3.076359,0.100000,2.903820
5.105105,0.000092,2.955618,0.110442,2.927263
5.205205,0.000091,2.839616,0.100000,2.854851
5.305305,0.000091,2.728166,0.100000,3.067911
5.405405,0.000092,2.621090,0.100000,2.429715
5.505506,0.000092,2.518217,0.100000,2.722751
5.605606,0.000093,2.419382,0.100000,2.440202
5.705706,0.000095,2.324426,0.261411,2.381557
5.805806,0.000097,2.233197,0.100000,2.249641
5.905906,0.000099,2.145548,0.169354,2.207342
6.006006,0.000101,2.061339,0.100000,2.039985
6.106106,0.000104,1.980436,0.100000,2.182473
6.206206,0.000108,1.902708,0.100000,1.839282
6.306306,0.000112,1.828030,0.102584,1.985352
6.406406,0.000116,1.756284,0.124439,1.666750
6.506507,0.000121,1.687353,0.138799,1.678981
6.606607,0.000126,1.621128,0.100000,1.472181
6.706707,0.000132,1.557503,0.100000,1.620727
6.806807,0.000139,1.496374,0.150114,1.697171
6.906907,0.000146,1.437645,0.100000,1.426897
7.007007,0.000154,1.381221,0.100000,1.353864
7.107107,0.000163,1.327011,0.100000,1.172138
7.207207,0.000173,1.274930,0.100000,1.243070
7.307307,0.000184,1.224892,0.100000,1.003577
7.407407,0.000196,1.176819,0.100000,1.049976
7.507508,0.000208,1.130632,0.120906,1.162143
7.607608,0.000223,1.086258,0.100000,1.269532
7.707708,0.000238,1.043626,0.100000,1.433960
7.807808,0.000255,1.002667,0.109609,0.921162
7.907908,0.000274,0.963316,0.100000,1.162748
8.008008,0.000294,0.925509,0.100000,0.959378
8.108108,0.000317,0.889187,0.100000,0.868171
8.208208,0.000342,0.854290,0.100000,0.914398
8.308308,0.000369,0.820763,0.100000,0.829366
8.408408,0.000399,0.788552,0.100000,0.803891
8.508509,0.000432,0.757605,0.100000,0.700868
8.608609,0.000468,0.727873,0.100000,0.533608
8.708709,0.000508,0.699308,0.100000,0.484825
8.808809,0.000551,0.671864,0.100000,0.762631
8.908909,0.000600,0.645498,0.100000,0.607051
9.009009,0.000653,0.620167,0.116962,0.537341
9.109109,0.000711,0.595830,0.100000,0.597012
9.209209,0.000775,0.572448,0.100000,0.682902
9.309309,0.000846,0.549985,0.100000,0.575046
9.409409,0.000925,0.528403,0.100000,0.437246
9.509510,0.001011,0.507669,0.100000,0.678059
9.609610,0.001107,0.487748,0.100000,0.707173
9.709710,0.001212,0.468610,0.100000,0.537328
9.809810,0.001329,0.450223,0.100000,0.585512
9.909910,0.001457,0.432559,0.100000,0.605126
10.010010,0.001599,0.415587,0.100000,0.572612
10.110110,0.001757,0.399283,0.228863,0.484610
10.210210,0.001931,0.383618,0.100000,0.466757
10.310310,0.002123,0.368569,0.131041,0.440775
10.410410,0.002336,0.354111,0.100000,0.201638
10.510511,0.002572,0.340221,0.100000,0.437585
10.610611,0.002834,0.326876,0.100000,0.138489
10.710711,0.003123,0.314056,0.100000,0.203648
10.810811,0.003444,0.301740,0.150330,0.482867
10.910911,0.003800,0.289907,0.100000,0.406654
11.011011,0.004194,0.278540,0.100000,0.485211
11.111111,0.004631,0.267619,0.100000,0.229871
11.211211,0.005116,0.257128,0.100000,0.100000
11.311311,0.005654,0.247049,0.100000,0.213641
11.411411,0.006252,0.237367,0.100000,0.251544
11.511512,0.006915,0.228065,0.100000,0.239041
11.611612,0.007651,0.219130,0.100000,0.376653
11.711712,0.008468,0.210546,0.100000,0.160349
11.811812,0.009376,0.202301,0.289368,0.251215
11.911912,0.010385,0.194380,0.100000,0.100000
12.012012,0.011505,0.186771,0.100000,0.249342
12.112112,0.012751,0.179462,0.100000,0.179894
12.212212,0.014135,0.172442,0.100000,0.100000
12.312312,0.015674,0.165698,0.253261,0.132930
12.412412,0.017385,0.159221,0.163363,0.133630
12.512513,0.019287,0.153000,0.100000,0.115462
12.612613,0.021404,0.147025,0.277190,0.393149
12.712713,0.023758,0.141286,0.100000,0.127607
12.812813,0.026376,0.135775,0.100000,0.101886
12.912913,0.029290,0.130482,0.100000,0.100000
13.013013,0.032532,0.125399,0.100000,0.100000
13.113113,0.036141,0.120519,0.100000,0.100000
13.213213,0.040157,0.115833,0.151182,0.100000
13.313313,0.044628,0.111334,0.100000,0.303319
13.413413,0.049606,0.107014,0.100000,0.100000
13.513514,0.055147,0.102868,0.100000,0.281895
13.613614,0.061319,0.098888,0.116121,0.107462
13.713714,0.068191,0.095068,0.214696,0.100241
13.813814,0.075845,0.091403,0.424874,0.100000
13.913914,0.084370,0.087886,0.593715,0.100000
14.014014,0.093866,0.084512,0.166305,0.323335
14.114114,0.104445,0.081275,0.100000,0.100000
14.214214,0.116231,0.078171,0.100000,0.100000
14.314314,0.129362,0.075196,0.176158,0.100000
14.414414,0.143994,0.072343,0.100000,0.100000
14.514515,0.160299,0.069610,0.100000,0.165498
14.614615,0.178470,0.066991,0.100000,0.132725
14.714715,0.198720,0.064483,0.174110,0.100000
14.814815,0.221290,0.062082,0.407624,0.203676
14.914915,0.246446,0.059785,0.273899,0.202929
15.015015,0.274487,0.057589,0.246758,0.100000
15.115115,0.305745,0.055489,0.124712,0.189248
15.215215,0.340590,0.053484,0.100000,0.100000
15.315315,0.379437,0.051570,0.294430,0.100000
15.415415,0.422745,0.049745,0.413344,0.146705
15.515516,0.471031,0.048007,0.780066,0.100000
15.615616,0.524867,0.046353,0.547639,0.100000
15.715716,0.584894,0.044781,0.756677,0.249445
15.815816,0.651826,0.043290,0.564549,0.100000
15.915916,0.726460,0.041879,0.519331,0.100000
16.016016,0.809683,0.040545,0.640980,0.100000
16.116116,0.902488,0.039289,0.775718,0.100000
16.216216,1.005978,0.038109,1.378036,0.100000
16.316316,1.121388,0.037005,0.977809,0.100000
16.416416,1.250091,0.035976,1.396660,0.100000
16.516517,1.393621,0.035024,1.235789,0.100000
16.616617,1.553687,0.034149,1.716527,0.375603
16.716717,1.732196,0.033352,1.799486,0.283700
16.816817,1.931273,0.032636,1.903892,0.100000
16.916917,2.153287,0.032002,2.146162,0.100000
17.017017,2.400881,0.031454,2.286424,0.100000
17.117117,2.676998,0.030996,2.754971,0.100000
17.217217,2.984918,0.030635,2.905387,0.100000
17.317317,3.328299,0.030376,3.114063,0.100000
17.417417,3.711212,0.030230,3.487828,0.100000
17.517518,4.138193,0.030206,4.168362,0.100000
17.617618,4.614291,0.030318,4.890317,0.100000
17.717718,5.145124,0.030585,5.173091,0.100000
17.817818,5.736945,0.031028,5.716207,0.100000
17.917918,6.396701,0.031674,6.446663,0.100000
18.018018,7.132111,0.032561,7.360401,0.100000
18.118118,7.951744,0.033734,7.990092,0.152490
18.218218,8.865094,0.035253,8.793264,0.100000
18.318318,9.882671,0.037197,10.076051,0.125132
18.418418,11.016079,0.039674,11.091026,0.100000
18.518519,12.278097,0.042825,12.546548,0.100000
18.618619,13.682738,0.046848,13.714768,0.100000
18.718719,15.245286,0.052014,15.031248,0.102780
18.818819,16.982267,0.058710,16.743112,0.143880
18.918919,18.911332,0.067495,19.199915,0.100000
19.019019,21.050962,0.079189,21.352259,0.292027
19.119119,23.419874,0.095029,23.388494,0.235020
19.219219,26.035899,0.116916,25.968917,0.100000
19.319319,28.913905,0.147852,29.169366,0.252080
19.419419,32.062022,0.192700,31.868510,0.461396
19.519520,35.474721,0.259538,35.318322,0.531943
19.619620,39.120071,0.362143,39.232525,0.191515
19.719720,42.916230,0.524539,42.847252,0.395799
19.819820,46.688569,0.789248,46.687673,0.995574
19.919920,50.095032,1.231459,50.066462,1.084413
20.020020,52.512643,1.979601,52.571651,1.795836
20.120120,52.927394,3.230969,53.173423,3.163413
20.220220,50.034644,5.214012,50.050478,5.272401
20.320320,42.973589,8.006701,43.086149,7.992473
20.420420,32.639255,11.250609,32.280883,11.160215
20.520521,21.847372,14.184370,21.838856,14.090690
20.620621,13.227985,16.203451,13.080588,16.104473
20.720721,7.538966,17.232835,7.325917,17.110629
20.820821,4.188433,17.529676,4.034931,17.846704
20.920921,2.321930,17.383317,2.263525,17.424656
21.021021,1.301661,16.997982,1.461761,17.121195
21.121121,0.743026,16.494247,0.511172,16.426291
21.221221,0.433305,15.938059,0.438660,15.912221
21.321321,0.258490,15.364365,0.173857,15.265218
21.421421,0.157791,14.791447,0.100513,14.422998
21.521522,0.098538,14.228777,0.273820,14.037305
21.621622,0.062919,13.681161,0.156982,13.429579
21.721722,0.041052,13.150916,0.274830,12.838314
21.821822,0.027349,12.639016,0.100000,12.472923
21.921922,0.018591,12.145701,0.100000,12.329800
22.022022,0.012885,11.670809,0.100000,11.664635
22.122122,0.009098,11.213960,0.100000,11.393282
22.222222,0.006540,10.774658,0.100000,10.831763
22.322322,0.004784,10.352344,0.100000,10.461079
22.422422,0.003557,9.946436,0.100000,9.821259
22.522523,0.002688,9.556345,0.100000,9.629147
22.622623,0.002062,9.181484,0.442118,9.282738
22.722723,0.001606,8.821281,0.329679,8.741157
22.822823,0.001268,8.475175,0.100000,8.552922
22.922923,0.001015,8.142625,0.100000,8.221296
23.023023,0.000823,7.823107,0.100000,7.746748
23.123123,0.000676,7.516114,0.100000,7.360107
23.223223,0.000562,7.221158,0.100000,7.056626
23.323323,0.000472,6.937770,0.211256,6.949790
23.423423,0.000402,6.665499,0.100000,6.710936
23.523524,0.000345,6.403908,0.100000,6.293788
23.623624,0.000300,6.152581,0.100000,6.156275
23.723724,0.000263,5.911115,0.100000,5.990390
23.823824,0.000233,5.679123,0.100000,5.765019
23.923924,0.000208,5.456235,0.100000,5.671866
24.024024,0.000187,5.242094,0.100000,5.419527
24.124124,0.000170,5.036355,0.100000,4.897228
24.224224,0.000156,4.838691,0.100000,5.072622
24.324324,0.000144,4.648784,0.100000,4.575006
24.424424,0.000134,4.466330,0.372328,4.611513
24.524525,0.000126,4.291037,0.100000,4.300483
24.624625,0.000118,4.122623,0.100000,4.065355
24.724725,0.000112,3.960818,0.321206,3.709643
24.824825,0.000107,3.805364,0.507915,3.781526
24.924925,0.000103,3.656011,0.100000,3.439338
25.025025,0.000100,3.512520,0.100000,3.646924
25.125125,0.000097,3.374660,0.100000,3.585415
25.225225,0.000095,3.242211,0.302272,3.131482
25.325325,0.000093,3.114960,0.100000,3.156919
25.425425,0.000092,2.992704,0.100000,2.891913
25.525526,0.000092,2.875246,0.135971,2.787919
25.625626,0.000091,2.762398,0.100000,2.870012
25.725726,0.000092,2.653979,0.100000,2.648624
25.825826,0.000092,2.549815,0.100000,2.791536
25.925926,0.000093,2.449740,0.100000,2.382734
26.026026,0.000094,2.353592,0.100000,2.492448
26.126126,0.000096,2.261218,0.100000,2.274753
26.226226,0.000098,2.172469,0.100000,2.283041
26.326326,0.000101,2.087204,0.100000,2.025073
26.426426,0.000103,2.005285,0.100000,1.998399
26.526527,0.000107,1.926582,0.177130,1.910534
26.626627,0.000110,1.850968,0.100000,1.734799
26.726727,0.000115,1.778321,0.100000,1.870316
26.826827,0.000119,1.708525,0.100000,1.798876
26.926927,0.000125,1.641470,0.100000,1.723943
27.027027,0.000130,1.577045,0.100000,1.790604
27.127127,0.000137,1.515150,0.100000,1.716533
27.227227,0.000144,1.455684,0.100000,1.403586
27.327327,0.000152,1.398552,0.366039,1.450387
27.427427,0.000160,1.343662,0.275184,1.257014
27.527528,0.000170,1.290927,0.100000,1.294172
27.627628,0.000180,1.240261,0.100000,1.156927
27.727728,0.000192,1.191584,0.100000,1.416690
27.827828,0.000204,1.144818,0.208417,1.195353
27.927928,0.000218,1.099888,0.100000,1.069593
28.028028,0.000233,1.056720,0.100000,1.222571
28.128128,0.000250,1.015248,0.100000,0.713645
28.228228,0.000268,0.975403,0.162385,0.695547
28.328328,0.000288,0.937122,0.100000,1.047702
28.428428,0.000310,0.900343,0.100000,0.908745
28.528529,0.000334,0.865008,0.100000,0.899807
28.628629,0.000360,0.831061,0.100000,0.646761
28.728729,0.000389,0.798445,0.100000,0.795217
28.828829,0.000421,0.767110,0.100000,1.045493
28.928929,0.000456,0.737005,0.100000,0.851526
29.029029,0.000495,0.708082,0.100000,0.731662
29.129129,0.000537,0.680294,0.100000,0.619288
29.229229,0.000584,0.653596,0.257802,0.598771
29.329329,0.000636,0.627947,0.100000,0.332100
29.429429,0.000692,0.603305,0.100000,0.639104
29.529530,0.000755,0.579630,0.100000,0.697108
29.629630,0.000824,0.556884,0.100000,0.337956
29.729730,0.000900,0.535032,0.100000,0.443129
29.829830,0.000983,0.514037,0.100000,0.353210
29.929930,0.001076,0.493867,0.100000,0.359733
30.030030,0.001178,0.474488,0.303120,0.481920
30.130130,0.001291,0.455871,0.100000,0.166248
30.230230,0.001416,0.437984,0.152413,0.523336
30.330330,0.001554,0.420800,0.100000,0.525547
30.430430,0.001706,0.404291,0.100000,0.369401
30.530531,0.001875,0.388430,0.100000,0.100000
30.630631,0.002061,0.373191,0.100000,0.234741
30.730731,0.002268,0.358552,0.229516,0.529861
30.830831,0.002496,0.344487,0.104345,0.100000
30.930931,0.002749,0.330975,0.305558,0.282688
31.031031,0.003030,0.317994,0.208842,0.154035
31.131131,0.003341,0.305523,0.100000,0.417316
31.231231,0.003685,0.293542,0.308526,0.199736
31.331331,0.004067,0.282031,0.100000,0.338160
31.431431,0.004490,0.270973,0.149223,0.349543
31.531532,0.004960,0.260350,0.100000,0.515490
31.631632,0.005481,0.250145,0.100000,0.221946
31.731732,0.006059,0.240341,0.100000,0.292591
31.831832,0.006701,0.230922,0.179681,0.100000
31.931932,0.007413,0.221874,0.100000,0.387280
32.032032,0.008204,0.213183,0.144960,0.107512
32.132132,0.009083,0.204833,0.100000,0.126918
32.232232,0.010059,0.196813,0.214794,0.193721
32.332332,0.011144,0.189108,0.142396,0.100000
32.432432,0.012349,0.181707,0.330599,0.213494
32.532533,0.013688,0.174598,0.141428,0.309025
32.632633,0.015177,0.167769,0.100000,0.208472
32.732733,0.016832,0.161210,0.100000,0.100000
32.832833,0.018673,0.154910,0.100000,0.137707
32.932933,0.020720,0.148860,0.100000,0.251963
33.033033,0.022998,0.143048,0.287161,0.100000
33.133133,0.025531,0.137467,0.136972,0.100000
33.233233,0.028349,0.132107,0.100000,0.253901
33.333333,0.031485,0.126960,0.100000,0.164489
33.433433,0.034976,0.122018,0.100000,0.179260
33.533534,0.038860,0.117272,0.100000,0.375645
33.633634,0.043184,0.112715,0.100000,0.177820
33.733734,0.047998,0.108341,0.102537,0.199753
33.833834,0.053358,0.104141,0.255307,0.480794
33.933934,0.059325,0.100110,0.165737,0.100000
34.034034,0.065971,0.096241,0.100000,0.100000
34.134134,0.073372,0.092528,0.126576,0.151970
34.234234,0.081616,0.088966,0.100000,0.149962
34.334334,0.090799,0.085548,0.163147,0.100000
34.434434,0.101028,0.082269,0.383542,0.100000
34.534535,0.112424,0.079124,0.100000,0.400072
34.634635,0.125120,0.076109,0.100000,0.121523
34.734735,0.139268,0.073218,0.242558,0.100000
34.834835,0.155032,0.070448,0.100000,0.197715
34.934935,0.172600,0.067794,0.430596,0.100000
35.035035,0.192178,0.065252,0.256567,0.100000
35.135135,0.213998,0.062819,0.361982,0.140945
35.235235,0.238319,0.060490,0.138518,0.100000
35.335335,0.265428,0.058262,0.407674,0.107259
35.435435,0.295646,0.056133,0.482415,0.321934
35.535536,0.329332,0.054098,0.370039,0.118873
35.635636,0.366885,0.052156,0.407859,0.100000
35.735736,0.408752,0.050304,0.456008,0.100000
35.835836,0.455429,0.048539,0.304516,0.100000
35.935936,0.507472,0.046859,0.481683,0.100000
36.036036,0.565498,0.045262,0.538837,0.100000
36.136136,0.630199,0.043746,0.697216,0.171066
36.236236,0.702344,0.042310,0.877113,0.100000
36.336336,0.782791,0.040952,0.597759,0.160725
36.436436,0.872500,0.039672,0.850648,0.100000
36.536537,0.972537,0.038468,1.231497,0.100000
36.636637,1.084095,0.037340,0.954116,0.100000
36.736737,1.208503,0.036288,1.064773,0.220899
36.836837,1.347241,0.035313,1.382605,0.208391
36.936937,1.501964,0.034413,1.649563,0.167746
37.037037,1.674513,0.033592,1.676510,0.100000
37.137137,1.866944,0.032850,2.099247,0.148055
37.237237,2.081546,0.032190,2.231314,0.100000
37.337337,2.320874,0.031615,2.468025,0.100000
37.437437,2.587775,0.031129,2.684634,0.100000
37.537538,2.885419,0.030737,3.292294,0.100000
37.637638,3.217343,0.030445,3.181480,0.107711
37.737738,3.587483,0.030263,3.237266,0.100000
37.837838,4.000226,0.030199,4.280651,0.100000
37.937938,4.460456,0.030268,4.380450,0.235023
38.038038,4.973607,0.030484,4.992465,0.200839
38.138138,5.545727,0.030869,5.774637,0.100000
38.238238,6.183540,0.031449,5.903464,0.100000
38.338338,6.894517,0.032257,6.675729,0.100000
38.438438,7.686953,0.033335,7.407048,0.100000
38.538539,8.570045,0.034738,8.431229,0.100000
38.638639,9.553977,0.036541,9.630826,0.210053
38.738739,10.650005,0.038838,10.741634,0.100000
38.838839,11.870534,0.041761,11.918827,0.100000
38.938939,13.229189,0.045487,12.982236,0.100000
39.039039,14.740855,0.050262,14.337047,0.100000
39.139139,16.421679,0.056432,16.431180,0.261712
39.239239,18.288983,0.064493,18.206517,0.100000
39.339339,20.361038,0.075172,20.441339,0.139396
39.439439,22.656576,0.089555,22.779278,0.100000
39.539540,25.193869,0.109300,25.218034,0.368065
39.639640,27.989014,0.137004,28.121885,0.220742
39.739740,31.052795,0.176841,31.092861,0.151483
39.839840,34.384957,0.235688,34.477612,0.315659
39.939940,37.963673,0.325182,37.840496,0.129291
40.040040,41.726116,0.465486,41.694720,0.629796
40.140140,45.532793,0.692166,45.567190,0.647149
40.240240,49.104201,1.068286,49.247630,1.039931
40.340340,51.918740,1.703310,51.849914,1.634995
40.440440,53.090145,2.773069,53.181245,2.692388
40.540541,51.364259,4.507266,51.317790,4.603789
40.640641,45.611844,7.061096,45.591297,7.096653
40.740741,36.059887,10.234910,36.204887,10.325469
40.840841,25.066360,13.350435,24.717972,13.349213
40.940941,15.594961,15.687285,15.368337,15.758593
41.041041,9.018762,17.005597,8.759676,16.947399
41.141141,5.035091,17.496974,4.627173,17.806791
41.241241,2.788079,17.462173,2.669518,17.244313
41.341341,1.556034,17.134951,1.687036,17.310156
41.441441,0.882816,16.659012,0.833018,16.849080
41.541542,0.511303,16.114317,0.545877,15.995912
41.641642,0.302851,15.543534,0.493247,15.853287
41.741742,0.183552,14.969054,0.415633,15.107375
41.841842,0.113821,14.402515,0.101736,14.537453
41.941942,0.072181,13.849877,0.308789,13.853770
42.042042,0.046783,13.314072,0.100000,13.283889
42.142142,0.030968,12.796408,0.100000,12.767311
42.242242,0.020921,12.297309,0.100000,12.351573
42.342342,0.014414,11.816714,0.100000,12.011406
42.442442,0.010119,11.354297,0.100000,11.379491
42.542543,0.007235,10.909590,0.100000,10.782946
42.642643,0.005264,10.482048,0.145731,10.596600
42.742743,0.003894,10.071095,0.304686,10.199087
42.842843,0.002928,9.676142,0.100000,9.767106
42.942943,0.002236,9.296602,0.100000,9.400187
43.043043,0.001733,8.931895,0.100000,8.894250
43.143143,0.001363,8.581459,0.100000,8.452378
43.243243,0.001086,8.244746,0.100000,8.124112
43.343343,0.000877,7.921225,0.100000,7.693981
43.443443,0.000718,7.610385,0.162985,7.643309
43.543544,0.000594,7.311733,0.100000,7.300138
43.643644,0.000498,7.024793,0.100000,6.963657
43.743744,0.000422,6.749107,0.100000,6.338430
43.843844,0.000362,6.484237,0.100000,6.310925
43.943944,0.000313,6.229758,0.100000,6.385496
44.044044,0.000274,5.985263,0.100000,5.892915
44.144144,0.000241,5.750362,0.100000,5.800466
44.244244,0.000215,5.524679,0.100000,5.331446
44.344344,0.000193,5.307851,0.231046,5.507756
44.444444,0.000175,5.099533,0.100000,5.079520
44.544545,0.000160,4.899389,0.100000,4.939690
44.644645,0.000148,4.707100,0.186699,5.030262
44.744745,0.000137,4.522357,0.100000,4.733064
44.844845,0.000128,4.344865,0.194959,4.302268
44.944945,0.000120,4.174338,0.100000,4.091912
45.045045,0.000114,4.010504,0.100000,3.965271
45.145145,0.000109,3.853100,0.100000,3.923950
45.245245,0.000105,3.701874,0.341143,3.687253
45.345345,0.000101,3.556583,0.363158,3.501664
45.445445,0.000098,3.416994,0.100000,3.620855
45.545546,0.000096,3.282883,0.100000,3.267014
45.645646,0.000094,3.154036,0.188221,3.473559
45.745746,0.000093,3.030246,0.100000,3.042854
45.845846,0.000092,2.911314,0.100000,3.159381
45.945946,0.000091,2.797051,0.100000,2.846700
46.046046,0.000091,2.687272,0.100000,2.821073
46.146146,0.000092,2.581801,0.100000,2.481118
46.246246,0.000093,2.480470,0.100000,2.361842
46.346346,0.000094,2.383117,0.100000,2.446992
46.446446,0.000095,2.289584,0.100000,2.426941
46.546547,0.000097,2.199722,0.100000,2.205315
46.646647,0.000100,2.113387,0.100000,1.934645
46.746747,0.000102,2.030441,0.338732,1.841436
46.846847,0.000106,1.950750,0.193434,1.752452
46.946947,0.000109,1.874187,0.100000,1.628580
47.047047,0.000113,1.800629,0.100000,1.815842
47.147147,0.000118,1.729958,0.100000,1.886280
47.247247,0.000123,1.662061,0.100000,1.660197
47.347347,0.000129,1.596828,0.100000,1.282749
47.447447,0.000135,1.534157,0.108366,1.507651
47.547548,0.000142,1.473944,0.100000,1.451324
47.647648,0.000149,1.416096,0.186111,1.707330
47.747748,0.000158,1.360517,0.100000,1.158051
47.847848,0.000167,1.307120,0.100000,1.252837
47.947948,0.000177,1.255819,0.454252,1.492844
48.048048,0.000188,1.206532,0.100000,1.269055
48.148148,0.000200,1.159179,0.250727,1.237450
48.248248,0.000214,1.113685,0.100000,1.129606
48.348348,0.000228,1.069976,0.101749,1.115821
48.448448,0.000244,1.027983,0.100000,1.136030
48.548549,0.000262,0.987638,0.100000,0.875162
48.648649,0.000281,0.948877,0.100000,1.070881
48.748749,0.000303,0.911637,0.100000,0.720861
48.848849,0.000326,0.875859,0.100000,0.921485
48.948949,0.000352,0.841485,0.116696,0.866321
49.049049,0.000380,0.808461,0.190089,0.722828
49.149149,0.000411,0.776732,0.100000,0.773580
49.249249,0.000445,0.746250,0.100000,0.659749
49.349349,0.000482,0.716963,0.100000,0.568053
49.449449,0.000524,0.688827,0.100000,0.639693
49.549550,0.000569,0.661794,0.164103,0.508398
49.649650,0.000619,0.635823,0.100000,0.680675
49.749750,0.000674,0.610872,0.100000,0.451070
49.849850,0.000735,0.586900,0.100000,0.685828
49.949950,0.000801,0.563869,0.100000,0.399705
50.050050,0.000875,0.541742,0.239279,0.463057
50.150150,0.000956,0.520484,0.157435,0.433697
50.250250,0.001046,0.500061,0.100000,0.684187
50.350350,0.001145,0.480439,0.100000,0.526332
50.450450,0.001255,0.461588,0.100000,0.432168
50.550551,0.001376,0.443477,0.100000,0.512773
50.650651,0.001509,0.426077,0.424599,0.133287
50.750751,0.001657,0.409360,0.100000,0.403367
50.850851,0.001820,0.393300,0.100000,0.670850
50.950951,0.002001,0.377871,0.100000,0.396260
51.051051,0.002201,0.363047,0.100000,0.372484
51.151151,0.002423,0.348806,0.100000,0.424967
51.251251,0.002668,0.335124,0.100000,0.459567
51.351351,0.002939,0.321980,0.100000,0.100000
51.451451,0.003240,0.309352,0.141474,0.100000
51.551552,0.003574,0.297221,0.100000,0.326440
51.651652,0.003944,0.285566,0.120767,0.186235
51.751752,0.004354,0.274369,0.100000,0.456672
51.851852,0.004808,0.263612,0.161747,0.219819
51.951952,0.005313,0.253279,0.290052,0.100000
52.052052,0.005872,0.243351,0.100000,0.100000
52.152152,0.006494,0.233814,0.100000,0.100000
52.252252,0.007183,0.224653,0.240679,0.192122
52.352352,0.007949,0.215852,0.100000,0.189676
52.452452,0.008800,0.207397,0.254188,0.148419
52.552553,0.009744,0.199275,0.100000,0.349183
52.652653,0.010794,0.191474,0.265136,0.358005
52.752753,0.011960,0.183979,0.100000,0.160304
52.852853,0.013256,0.176781,0.100000,0.100000
52.952953,0.014697,0.169866,0.288210,0.255636
53.053053,0.016298,0.163224,0.100000,0.240390
53.153153,0.018079,0.156845,0.100000,0.199834
53.253253,0.020060,0.150718,0.100000,0.287092
53.353353,0.022263,0.144833,0.101331,0.100000
53.453453,0.024713,0.139181,0.100000,0.418293
53.553554,0.027439,0.133753,0.138870,0.100000
53.653654,0.030473,0.128541,0.100000,0.232643
53.753754,0.033849,0.123535,0.234487,0.100000
53.853854,0.037606,0.118729,0.100000,0.100000
53.953954,0.041788,0.114114,0.100000,0.324810
54.054054,0.046444,0.109684,0.100000,0.100000
54.154154,0.051627,0.105430,0.100000,0.222136
54.254254,0.057398,0.101348,0.100691,0.134272
54.354354,0.063825,0.097429,0.100000,0.100000
54.454454,0.070982,0.093668,0.100000,0.283172
54.554555,0.078954,0.090059,0.100000,0.100000
54.654655,0.087833,0.086597,0.123386,0.100000
54.754755,0.097724,0.083275,0.100000,0.100000
54.854855,0.108743,0.080089,0.232301,0.156676
54.954955,0.121020,0.077034,0.236854,0.131989
55.055055,0.134699,0.074105,0.202003,0.100000
55.155155,0.149940,0.071298,0.247223,0.100000
55.255255,0.166926,0.068608,0.218740,0.100000
55.355355,0.185854,0.066032,0.541586,0.100000
55.455455,0.206950,0.063565,0.191726,0.100000
55.555556,0.230463,0.061204,0.176785,0.100000
55.655656,0.256671,0.058945,0.124954,0.100000
55.755756,0.285885,0.056785,0.105445,0.163988
55.855856,0.318451,0.054722,0.100916,0.167147
55.955956,0.354755,0.052751,0.199393,0.100000
56.056056,0.395228,0.050871,0.382873,0.100000
56.156156,0.440351,0.049079,0.498786,0.100000
56.256256,0.490660,0.047373,0.499600,0.100000
56.356356,0.546753,0.045750,0.412937,0.100000
56.456456,0.609298,0.044209,0.766651,0.100000
56.556557,0.679038,0.042749,0.808287,0.100000
56.656657,0.756803,0.041367,0.728896,0.100000
56.756757,0.843520,0.040062,0.729389,0.100000
56.856857,0.940220,0.038835,1.036086,0.140227
56.956957,1.048056,0.037683,1.080914,0.100000
57.057057,1.168312,0.036608,0.915179,0.100000
57.157157,1.302421,0.035608,1.290538,0.100000
57.257257,1.451980,0.034685,1.497784,0.100000
57.357357,1.618770,0.033839,1.461503,0.100000
57.457457,1.804777,0.033072,1.837962,0.100000
57.557558,2.012217,0.032387,1.757913,0.100000
57.657658,2.243558,0.031785,2.477124,0.100000
57.757758,2.501551,0.031270,2.719693,0.174217
57.857858,2.789264,0.030848,2.745124,0.100000
57.957958,3.110114,0.030525,3.173646,0.100000
58.058058,3.467910,0.030307,3.046654,0.195603
58.158158,3.866892,0.030206,3.664762,0.100000
58.258258,4.311784,0.030231,4.260431,0.106681
58.358358,4.807843,0.030400,4.620433,0.100000
58.458458,5.360919,0.030730,5.485796,0.100000
58.558559,5.977518,0.031246,6.326646,0.100000
58.658659,6.664870,0.031979,6.459197,0.100000
58.758759,7.431006,0.032967,7.284617,0.163962
58.858859,8.284834,0.034262,8.325990,0.100000
58.958959,9.236221,0.035932,9.517845,0.100000
59.059059,10.296080,0.038063,10.082408,0.100000
59.159159,11.476451,0.040775,11.519983,0.100000
59.259259,12.790572,0.044228,13.108936,0.100000
59.359359,14.252934,0.048645,13.964206,0.100000
59.459459,15.879296,0.054336,15.655364,0.106854
59.559560,17.686630,0.061743,17.612584,0.124622
59.659660,19.692948,0.071511,19.601949,0.116092
59.759760,21.916912,0.084595,22.058955,0.117748
59.859860,24.377076,0.102446,24.419318,0.321673
59.959960,27.090465,0.127316,26.780201,0.100000
60.060060,30.069979,0.162795,30.160073,0.155162
60.160160,33.319644,0.214755,33.218690,0.372139
60.260260,36.825905,0.293047,37.048679,0.468752
60.360360,40.541569,0.414626,40.431867,0.217075
60.460460,44.356238,0.609257,44.244957,0.565855
60.560561,48.042998,0.929740,48.137588,1.118448
60.660661,51.168874,1.468720,51.302234,1.539316
60.760761,52.972101,2.380015,53.050429,2.407146
60.860861,52.293325,3.882798,51.998682,3.852551
60.960961,47.862670,6.180045,47.956718,6.126717
61.061061,39.334561,9.214265,39.153763,9.254312
61.161161,28.446673,12.436940,28.487799,12.401873
61.261261,18.255249,15.069160,18.006380,15.063244
61.361361,10.752725,16.697705,10.830742,16.708627
61.461461,6.048304,17.413926,5.907310,17.319710
61.561562,3.350391,17.513362,3.126186,17.587300
61.661662,1.863056,17.257933,1.987833,17.662861
61.761762,1.050976,16.817335,1.093216,16.570426
61.861862,0.604634,16.288144,0.497311,16.333165
61.961962,0.355604,15.722375,0.609271,15.616748
62.062062,0.213986,15.147425,0.136960,15.227654
62.162162,0.131757,14.577578,0.137369,14.584047
62.262262,0.082979,14.020193,0.129985,14.126051
62.362362,0.053422,13.478951,0.100000,13.642285
62.462462,0.035134,12.955563,0.117489,12.982300
62.562563,0.023587,12.450675,0.100000,12.607971
62.662663,0.016153,11.964346,0.100000,11.638611
62.762763,0.011275,11.496316,0.249466,11.717306
62.862863,0.008016,11.046151,0.100000,11.098265
62.962963,0.005801,10.613327,0.100000,10.763091
63.063063,0.004270,10.197274,0.285862,10.027774
63.163163,0.003194,9.797403,0.448818,9.681970
63.263263,0.002428,9.413128,0.100000,9.433406
63.363363,0.001873,9.043865,0.100000,9.041498
63.463463,0.001466,8.689046,0.100000,8.728378
63.563564,0.001164,8.348119,0.100000,8.498810
63.663664,0.000936,8.020547,0.100000,7.775274
63.763764,0.000763,7.705814,0.100000,7.841124
63.863864,0.000630,7.403420,0.101937,7.404570
63.963964,0.000526,7.112883,0.100000,7.084568
64.064064,0.000444,6.833743,0.100000,6.629334
64.164164,0.000379,6.565552,0.122599,6.635449
64.264264,0.000327,6.307883,0.359137,5.972447
64.364364,0.000285,6.060323,0.100000,6.150416
64.464464,0.000251,5.822477,0.100000,5.615152
64.564565,0.000223,5.593963,0.100000,5.601391
64.664665,0.000200,5.374417,0.107747,5.357859
64.764765,0.000181,5.163486,0.100000,5.325991
64.864865,0.000165,4.960833,0.100000,4.936009
64.964965,0.000151,4.766133,0.100000,4.669683
65.065065,0.000140,4.579073,0.323141,4.508682
65.165165,0.000131,4.399355,0.100000,4.576219
65.265265,0.000123,4.226690,0.291670,4.301207
65.365365,0.000116,4.060801,0.100000,4.007219
65.465465,0.000110,3.901423,0.102764,3.868569
65.565566,0.000106,3.748300,0.100000,3.530544
65.665666,0.000102,3.601187,0.100000,3.655164
65.765766,0.000099,3.459847,0.100000,3.215324
65.865866,0.000096,3.324055,0.212045,3.428515
65.965966,0.000094,3.193592,0.100000,3.211464
66.066066,0.000093,3.068249,0.100000,3.399911
66.166166,0.000092,2.947826,0.100000,2.794965
66.266266,0.000091,2.832129,0.100000,2.817865
66.366366,0.000091,2.720974,0.100000,2.970842
66.466466,0.000092,2.614180,0.100000,2.779722
66.566567,0.000092,2.511579,0.100000,2.414842
66.666667,0.000093,2.413004,0.100000,2.444124
66.766767,0.000095,2.318298,0.100000,2.318576
66.866867,0.000097,2.227309,0.100000,2.266486
66.966967,0.000099,2.139892,0.100000,2.042811
67.067067,0.000102,2.055905,0.137293,2.043494
67.167167,0.000105,1.975215,0.100000,1.753169
67.267267,0.000108,1.897692,0.100000,1.916467
67.367367,0.000112,1.823211,0.100000,1.885740
67.467467,0.000116,1.751654,0.146216,1.720054
67.567568,0.000121,1.682905,0.100000,1.458497
67.667668,0.000127,1.616855,0.416607,1.754209
67.767768,0.000133,1.553397,0.100000,1.604047
67.867868,0.000140,1.492429,0.100000,1.391551
67.967968,0.000147,1.433855,0.100000,1.394866
68.068068,0.000155,1.377580,0.142928,1.169065
68.168168,0.000164,1.323513,0.109429,1.181035
68.268268,0.000174,1.271569,0.218976,1.196841
68.368368,0.000185,1.221663,0.100000,1.392349
68.468468,0.000196,1.173716,0.100000,1.084859
68.568569,0.000209,1.127651,0.100000,1.216608
68.668669,0.000224,1.083394,0.138456,1.008597
68.768769,0.000239,1.040875,0.262156,1.075326
68.868869,0.000256,1.000024,0.100000,0.980377
68.968969,0.000275,0.960776,0.100000,1.082086
69.069069,0.000296,0.923069,0.100000,0.848759
69.169169,0.000319,0.886843,0.100000,0.668343
69.269269,0.000344,0.852038,0.166763,0.660019
69.369369,0.000371,0.818599,0.100000,0.744696
69.469469,0.000401,0.786473,0.100000,0.612919
69.569570,0.000434,0.755608,0.100000,0.812606
69.669670,0.000470,0.725954,0.100000,0.661237
69.769770,0.000510,0.697465,0.100000,1.027411
69.869870,0.000554,0.670093,0.100000,0.428642
69.969970,0.000603,0.643796,0.100000,0.672091
70.070070,0.000656,0.618532,0.195203,0.461805
70.170170,0.000715,0.594259,0.100000,0.525702
70.270270,0.000780,0.570939,0.100000,0.590589
70.370370,0.000851,0.548535,0.100000,0.225430
70.470470,0.000930,0.527010,0.184326,0.559917
70.570571,0.001017,0.506331,0.100000,0.770736
70.670671,0.001113,0.486463,0.100000,0.423459
70.770771,0.001219,0.467375,0.100000,0.503475
70.870871,0.001337,0.449037,0.100000,0.591447
70.970971,0.001466,0.431419,0.114647,0.408638
71.071071,0.001609,0.414492,0.100000,0.333769
71.171171,0.001768,0.398231,0.124419,0.100000
71.271271,0.001943,0.382607,0.100000,0.471672
71.371371,0.002137,0.367598,0.100000,0.351873
71.471471,0.002351,0.353178,0.100000,0.212468
71.571572,0.002589,0.339325,0.100000,0.356915
71.671672,0.002852,0.326015,0.100000,0.244914
71.771772,0.003143,0.313229,0.123013,0.239805
71.871872,0.003466,0.300945,0.100000,0.385188
71.971972,0.003824,0.289144,0.100000,0.103178
72.072072,0.004221,0.277806,0.100000,0.423328
72.172172,0.004662,0.266914,0.201840,0.100000
72.272272,0.005150,0.256451,0.100000,0.164370
72.372372,0.005692,0.246399,0.100000,0.513588
72.472472,0.006293,0.236742,0.100000,0.393386
72.572573,0.006961,0.227465,0.262376,0.241027
72.672673,0.007702,0.218553,0.100000,0.100000
72.772773,0.008525,0.209993,0.142653,0.136451
72.872873,0.009439,0.201769,0.100000,0.211950
72.972973,0.010455,0.193869,0.100000,0.199082
73.073073,0.011584,0.186280,0.100000,0.173654
73.173173,0.012838,0.178991,0.100000,0.174706
73.273273,0.014232,0.171989,0.110152,0.142202
73.373373,0.015781,0.165263,0.100000,0.100000
73.473473,0.017505,0.158803,0.100000,0.100000
73.573574,0.019421,0.152598,0.100000,0.279683
73.673674,0.021552,0.146639,0.157506,0.100000
73.773774,0.023922,0.140916,0.164988,0.114577
73.873874,0.026560,0.135419,0.100000,0.100000
73.973974,0.029494,0.130140,0.100000,0.145612
74.074074,0.032759,0.125072,0.207865,0.100000
74.174174,0.036393,0.120204,0.244008,0.325485
74.274274,0.040438,0.115531,0.100000,0.185919
74.374374,0.044941,0.111044,0.100000,0.100000
74.474474,0.049954,0.106736,0.100000,0.200002
74.574575,0.055535,0.102601,0.218246,0.100000
74.674675,0.061751,0.098632,0.375971,0.100000
74.774775,0.068672,0.094822,0.158921,0.138427
74.874875,0.076380,0.091167,0.100000,0.100000
74.974975,0.084967,0.087659,0.100000,0.211719
75.075075,0.094531,0.084294,0.100000,0.100000
75.175175,0.105186,0.081067,0.100000,0.100000
75.275275,0.117056,0.077971,0.100000,0.100000
75.375375,0.130282,0.075004,0.488406,0.100000
75.475475,0.145019,0.072159,0.457067,0.224890
75.575576,0.161441,0.069433,0.360023,0.156803
75.675676,0.179742,0.066822,0.100000,0.304415
75.775776,0.200138,0.064321,0.349596,0.379406
75.875876,0.222871,0.061928,0.334678,0.100000
75.975976,0.248208,0.059637,0.325565,0.100000
76.076076,0.276451,0.057447,0.494893,0.100000
76.176176,0.307934,0.055354,0.418998,0.100000
76.276276,0.343031,0.053355,0.472386,0.100000
76.376376,0.382157,0.051447,0.493489,0.100000
76.476476,0.425779,0.049628,0.485349,0.100000
76.576577,0.474413,0.047895,0.162636,0.100000
76.676677,0.528638,0.046246,0.543255,0.100000
76.776777,0.589098,0.044680,0.491876,0.161692
76.876877,0.656514,0.043195,0.432797,0.100000
76.976977,0.731687,0.041789,1.025670,0.432172
77.077077,0.815513,0.040460,1.117742,0.100000
77.177177,0.908989,0.039209,1.146581,0.100000
77.277277,1.013228,0.038034,1.057839,0.100000
77.377377,1.129473,0.036935,1.365563,0.273992
77.477477,1.259107,0.035911,1.261214,0.191463
77.577578,1.403676,0.034964,1.439125,0.100000
77.677678,1.564900,0.034094,1.373761,0.100000
77.777778,1.744701,0.033303,1.814095,0.100000
77.877878,1.945218,0.032591,1.955774,0.100000
77.977978,2.168840,0.031963,1.941135,0.235154
78.078078,2.418225,0.031421,2.409276,0.143857
78.178178,2.696340,0.030970,2.682403,0.100000
78.278278,3.006488,0.030615,3.320703,0.100000
78.378378,3.352353,0.030363,3.508662,0.100000
78.478478,3.738034,0.030224,3.740035,0.125787
78.578579,4.168101,0.030209,4.211589,0.198736
78.678679,4.647638,0.030331,4.655366,0.184448
78.778779,5.182304,0.030609,5.146835,0.100000
78.878879,5.778394,0.031064,5.589185,0.100000
78.978979,6.442906,0.031725,6.416502,0.172829
79.079079,7.183611,0.032629,7.053193,0.100000
79.179179,8.009137,0.033823,7.790581,0.100000
79.279279,8.929043,0.035367,9.018405,0.100000
79.379379,9.953909,0.037344,10.022302,0.100000
79.479479,11.095413,0.039860,10.783096,0.100000
79.579580,12.366416,0.043062,12.344970,0.100000
79.679680,13.781013,0.047151,13.955062,0.100000
79.779780,15.354572,0.052405,15.539725,0.100000
79.879880,17.103698,0.059220,17.283014,0.100000
79.979980,19.046108,0.068168,19.052910,0.100000
80.080080,21.200324,0.080093,21.052609,0.100000
80.180180,23.585044,0.096264,23.395613,0.157742
80.280280,26.217981,0.118642,26.278218,0.100000
80.380380,29.113700,0.150322,29.179998,0.100000
80.480480,32.279687,0.196328,32.504713,0.209160
80.580581,35.709144,0.265024,35.901422,0.100000
80.680681,39.367724,0.370693,39.344610,0.436976
80.780781,43.169049,0.538275,42.951561,0.538197
80.880881,46.930145,0.811938,46.874365,0.817454
80.980981,50.294269,1.269704,50.332241,1.403196
81.081081,52.615312,2.044283,52.579988,1.772944
81.181181,52.852532,3.337258,52.751515,3.062998
81.281281,49.698609,5.374764,49.742813,5.412809
81.381381,42.367838,8.214322,42.279746,8.213333
81.481481,31.903723,11.463143,31.793937,11.486788
81.581582,21.191105,14.349804,21.245548,14.285593
81.681682,12.763390,16.300194,12.693122,16.392505
81.781782,7.254947,17.271595,7.297617,17.401183
81.881882,4.027679,17.530898,4.075435,17.598147
81.981982,2.233744,17.363483,2.034571,17.327241
82.082082,1.253522,16.967351,1.169400,16.674492
82.182182,0.716507,16.458555,0.967832,16.565439
82.282282,0.418458,15.900373,0.215326,16.070129
82.382382,0.250013,15.326294,0.100000,15.415854
82.482482,0.152847,14.753830,0.100000,14.631606
82.582583,0.095593,14.192044,0.100681,14.285666
82.682683,0.061127,13.645525,0.100000,13.765094
82.782783,0.039939,13.116475,0.100000,13.333069
82.882883,0.026644,12.605802,0.238885,12.484069
82.982983,0.018135,12.113714,0.100000,12.082249
83.083083,0.012585,11.640030,0.100000,11.743862
83.183183,0.008897,11.184359,0.281837,11.192336
83.283283,0.006403,10.746198,0.100000,10.590947
83.383383,0.004689,10.324988,0.100000,10.382598
83.483483,0.003490,9.920145,0.100000,10.000548
83.583584,0.002640,9.531079,0.100000,9.543301
83.683684,0.002027,9.157205,0.100000,9.187716
83.783784,0.001580,8.797952,0.251105,8.762005
83.883884,0.001249,8.452760,0.322425,8.658163
83.983984,0.001001,8.121088,0.100000,7.995939
84.084084,0.000812,7.802414,0.333818,7.720807
84.184184,0.000668,7.496232,0.100000,7.497758
84.284284,0.000555,7.202056,0.307101,7.324185
84.384384,0.000467,6.919418,0.100000,6.711361
84.484484,0.000398,6.647866,0.100000,6.465803
84.584585,0.000342,6.386967,0.100000,6.103829
84.684685,0.000297,6.136304,0.555963,6.140847
84.784785,0.000261,5.895477,0.149066,5.740091
84.884885,0.000231,5.664099,0.100000,5.610667
84.984985,0.000206,5.441800,0.169588,5.533698
85.085085,0.000186,5.228225,0.100000,5.139084
85.185185,0.000169,5.023031,0.100000,5.055168
85.285285,0.000155,4.825890,0.158979,4.784298
85.385385,0.000143,4.636486,0.100000,4.729874
85.485485,0.000133,4.454514,0.100000,4.520532
85.585586,0.000125,4.279684,0.100000,4.183542
85.685686,0.000118,4.111716,0.100000,4.088282
85.785786,0.000112,3.950340,0.100000,4.095365
85.885886,0.000107,3.795297,0.100000,3.849956
85.985986,0.000103,3.646339,0.116620,3.452234
86.086086,0.000100,3.503227,0.100000,3.594324
86.186186,0.000097,3.365732,0.100000,3.215028
86.286286,0.000095,3.233634,0.100000,3.429899
86.386386,0.000093,3.106720,0.100000,3.249016
86.486486,0.000092,2.984787,0.100000,3.025066
86.586587,0.000092,2.867639,0.145356,2.889486
86.686687,0.000091,2.755090,0.100000,2.726045
86.786787,0.000092,2.646958,0.100000,2.741237
86.886887,0.000092,2.543069,0.100000,2.491551
86.986987,0.000093,2.443259,0.100000,2.475991
87.087087,0.000094,2.347365,0.100000,2.468519
87.187187,0.000096,2.255236,0.100000,2.177174
87.287287,0.000098,2.166722,0.126703,2.081103
87.387387,0.000101,2.081682,0.100000,1.915728
87.487487,0.000104,1.999980,0.100000,1.852074
87.587588,0.000107,1.921485,0.100000,1.667433
87.687688,0.000111,1.846071,0.100000,1.947479
87.787788,0.000115,1.773616,0.100000,2.024961
87.887888,0.000120,1.704005,0.100000,1.902052
87.987988,0.000125,1.637127,0.100000,1.411186
88.088088,0.000131,1.572873,0.100000,1.673590
88.188188,0.000137,1.511142,0.165787,1.708740
88.288288,0.000145,1.451833,0.100000,1.388360
88.388388,0.000152,1.394852,0.100000,1.408948
88.488488,0.000161,1.340107,0.100000,1.061115
88.588589,0.000171,1.287512,0.100000,1.324574
88.688689,0.000181,1.236980,0.217799,1.089201
88.788789,0.000193,1.188432,0.100000,1.216171
88.888889,0.000205,1.141790,0.100000,0.924864
88.988989,0.000219,1.096978,0.100000,1.172407
89.089089,0.000234,1.053925,0.100000,1.196279
89.189189,0.000251,1.012562,0.100000,0.903741
89.289289,0.000269,0.972822,0.100000,0.814849
89.389389,0.000289,0.934642,0.100000,0.635068
89.489489,0.000311,0.897961,0.100000,0.860944
89.589590,0.000336,0.862720,0.183761,0.781909
89.689690,0.000362,0.828862,0.100000,0.613351
89.789790,0.000391,0.796333,0.100000,0.859279
89.889890,0.000423,0.765081,0.100000,0.702558
89.989990,0.000459,0.735055,0.100000,0.585584
90.090090,0.000498,0.706209,0.100000,0.629152
90.190190,0.000540,0.678494,0.100000,0.827350
90.290290,0.000587,0.651868,0.100000,0.735644
90.390390,0.000639,0.626286,0.278271,0.608219
90.490490,0.000696,0.601709,0.100000,0.687732
90.590591,0.000759,0.578097,0.360900,0.416791
90.690691,0.000828,0.555411,0.100000,0.559909
90.790791,0.000905,0.533617,0.100000,0.554087
90.890891,0.000989,0.512678,0.100000,0.447395
90.990991,0.001082,0.492561,0.100000,0.553067
91.091091,0.001185,0.473233,0.100000,0.364794
91.191191,0.001299,0.454665,0.100000,0.525504
91.291291,0.001425,0.436826,0.100000,0.513506
91.391391,0.001563,0.419687,0.100000,0.100000
91.491491,0.001717,0.403222,0.174316,0.568612
91.591592,0.001886,0.387402,0.204219,0.100000
91.691692,0.002074,0.372205,0.253141,0.286606
91.791792,0.002282,0.357604,0.100000,0.500074
91.891892,0.002512,0.343576,0.240840,0.299490
91.991992,0.002767,0.330100,0.100000,0.126377
92.092092,0.003049,0.317153,0.100000,0.165181
92.192192,0.003362,0.304715,0.100000,0.447401
92.292292,0.003709,0.292766,0.100000,0.100000
92.392392,0.004094,0.281286,0.100000,0.438157
92.492492,0.004520,0.270257,0.100000,0.262601
92.592593,0.004993,0.259662,0.333998,0.100000
92.692693,0.005517,0.249484,0.100000,0.168461
92.792793,0.006100,0.239706,0.100000,0.100000
92.892893,0.006746,0.230312,0.100000,0.350673
92.992993,0.007463,0.221289,0.100000,0.323058
93.093093,0.008260,0.212620,0.100000,0.100000
93.193193,0.009145,0.204293,0.100000,0.148214
93.293293,0.010128,0.196293,0.213824,0.100000
93.393393,0.011220,0.188609,0.299185,0.368339
93.493493,0.012433,0.181228,0.100000,0.100000
93.593594,0.013782,0.174138,0.116835,0.397042
93.693694,0.015282,0.167327,0.100000,0.162701
93.793794,0.016949,0.160786,0.100000,0.100000
93.893894,0.018802,0.154503,0.183166,0.100000
93.993994,0.020864,0.148468,0.172236,0.100000
94.094094,0.023157,0.142672,0.100000,0.100000
94.194194,0.025709,0.137106,0.180651,0.150282
94.294294,0.028547,0.131760,0.114333,0.100000
94.394394,0.031706,0.126627,0.241520,0.100000
94.494494,0.035221,0.121698,0.100000,0.100000
94.594595,0.039133,0.116965,0.100000,0.100000
94.694695,0.043488,0.112420,0.102193,0.100000
94.794795,0.048336,0.108058,0.100000,0.100000
94.894895,0.053734,0.103869,0.120663,0.100000
94.994995,0.059745,0.099849,0.100000,0.377879
95.095095,0.066438,0.095991,0.100000,0.103829
95.195195,0.073892,0.092288,0.152862,0.126382
95.295295,0.082195,0.088735,0.165668,0.100000
95.395395,0.091444,0.085326,0.100000,0.100000
95.495495,0.101746,0.082057,0.100000,0.111972
95.595596,0.113224,0.078921,0.352796,0.100000
95.695696,0.126013,0.075914,0.100000,0.202087
95.795796,0.140262,0.073032,0.532325,0.100000
95.895896,0.156140,0.070269,0.155804,0.100000
95.995996,0.173834,0.067623,0.245159,0.100000
96.096096,0.193554,0.065088,0.476184,0.100000
96.196196,0.215532,0.062661,0.238435,0.100000
96.296296,0.240028,0.060339,0.100000,0.100000
96.396396,0.267333,0.058118,0.248153,0.100000
96.496496,0.297770,0.055995,0.291545,0.100000
96.596597,0.331700,0.053967,0.100000,0.121370
96.696697,0.369525,0.052031,0.324805,0.100000
96.796797,0.411695,0.050184,0.281959,0.100000
96.896897,0.458710,0.048425,0.620288,0.100000
96.996997,0.511130,0.046751,0.517180,0.157429
97.097097,0.569577,0.045159,0.520144,0.100000
97.197197,0.634747,0.043649,0.616186,0.100000
97.297297,0.707415,0.042218,0.746417,0.100000
97.397397,0.788447,0.040865,0.896266,0.276602
97.497497,0.878806,0.039590,0.704056,0.100000
97.597598,0.979570,0.038391,0.797500,0.145361
97.697698,1.091938,0.037269,1.285036,0.100000
97.797798,1.217248,0.036222,1.145172,0.100000
97.897898,1.356995,0.035251,1.109330,0.254105
97.997998,1.512841,0.034357,1.590420,0.102256
98.098098,1.686643,0.033540,1.767641,0.100000
98.198198,1.880471,0.032804,1.612902,0.100000
98.298298,2.096633,0.032149,2.136746,0.100000
98.398398,2.337699,0.031580,2.466279,0.100000
98.498498,2.606537,0.031100,2.671980,0.100000
98.598599,2.906343,0.030714,3.016814,0.100000
98.698699,3.240676,0.030430,2.995209,0.100000
98.798799,3.613502,0.030255,3.671368,0.100000
98.898899,4.029240,0.030200,3.976342,0.100000
98.998999,4.492806,0.030277,4.408414,0.100000
99.099099,5.009676,0.030505,5.161850,0.100000
99.199199,5.585940,0.030902,5.844518,0.106673
99.299299,6.228368,0.031496,6.542024,0.100000
99.399399,6.944484,0.032320,7.174313,0.166428
99.499499,7.742640,0.033417,7.723458,0.100000
99.599600,8.632096,0.034845,8.693752,0.100000
99.699700,9.623107,0.036677,9.757148,0.100000
99.799800,10.726999,0.039012,10.748181,0.100000
99.899900,11.956258,0.041982,11.979116,0.100000
100.000000,13.324591,0.045769,13.468584,0.353421
